trunk-recorder-configs,RFSS,Site Dec,Site Hex,Site NAC,Description,County Name,Lat,Lon,Range,Frequencies,,,,,,,,,,,,
| Mississippi | Adams | MSWIN Mississippi Wireless Integrated Network | [Jeanette](/configs/Mississippi/counties/ADAMS/Jeanette.MSWIN.1-038.P25.json) |,1,038,26,2A1,Jeanette,Adams,31.496508,-91.238203,12,769.33125,774.04375,774.293750c,774.543750c,774.793750c,,,,,,,,
| Mississippi | Adams | MSWIN Mississippi Wireless Integrated Network | [Natchez North](/configs/Mississippi/counties/ADAMS/Natchez_North.MSWIN.1-039.P25.json) |,1,039,27,2A1,Natchez North,Adams,31.674454,-91.32752,10,771.73125,773.04375,774.06875,774.318750c,774.568750c,774.818750c,,,,,,,
| Mississippi | Adams | MSWIN Mississippi Wireless Integrated Network | [Natchez South](/configs/Mississippi/counties/ADAMS/Natchez_South.MSWIN.1-040.P25.json) |,1,040,28,2A2,Natchez South,Adams,31.497288,-91.423308,12,769.21875,769.468750c,769.718750c,769.968750c,773.43125,,,,,,,,
| Mississippi | Alcorn | MSWIN Mississippi Wireless Integrated Network | [Pine Mountain](/configs/Mississippi/counties/ALCORN/Pine_Mountain.MSWIN.3-041.P25.json) |,3,041,29,2A1,Pine Mountain,Alcorn,34.89559,-88.76675,16,770.906250c,772.80625,770.656250c,770.406250c,770.15625,772.50625,,,,,,,
| Mississippi | Alcorn | MSWIN Mississippi Wireless Integrated Network | [Farmington](/configs/Mississippi/counties/ALCORN/Farmington.MSWIN.3-042.P25.json) |,3,042,2A,2A5,Farmington,Alcorn,34.93128,-88.42065,16,771.63125,774.318750c,774.568750c,774.818750c,774.06875,771.33125,,,,,,,
| Mississippi | Amite | MSWIN Mississippi Wireless Integrated Network | [Liberty](/configs/Mississippi/counties/AMITE/Liberty.MSWIN.1-027.P25.json) |,1,027,1B,2A0,Liberty,Amite,31.128622,-90.769622,12,770.03125,773.08125,773.331250c,773.581250c,773.831250c,,,,,,,,
| Mississippi | Amite | MSWIN Mississippi Wireless Integrated Network | [Gloster](/configs/Mississippi/counties/AMITE/Gloster.MSWIN.1-042.P25.json) |,1,042,2A,2A1,Gloster,Amite,31.188428,-91.006794,14,770.15625,770.406250c,770.656250c,770.906250c,772.15625,,,,,,,,
| Mississippi | Attala | MSWIN Mississippi Wireless Integrated Network | [ETV McAdams](/configs/Mississippi/counties/ATTALA/ETV_McAdams.MSWIN.3-002.P25.json) |,3,002,2,2A2,ETV McAdams,Attala,33.03479,-89.69204,16,769.20625,769.456250c,769.706250c,769.956250c,772.73125,,,,,,,,
| Mississippi | Attala | MSWIN Mississippi Wireless Integrated Network | [Kosciusko](/configs/Mississippi/counties/ATTALA/Kosciusko.MSWIN.3-005.P25.json) |,3,005,5,,Kosciusko,Attala,33.19878,-89.52372,16,770.156250c,770.406250c,770.656250c,770.906250c,774.48125,,,,,,,,
| Mississippi | Benton | MSWIN Mississippi Wireless Integrated Network | [Hickory Flat](/configs/Mississippi/counties/BENTON/Hickory_Flat.MSWIN.3-038.P25.json) |,3,038,26,,Hickory Flat,Benton,34.6076,-89.20771,16,769.19375,769.443750c,769.693750c,769.943750c,771.60625,771.95625,,,,,,,
| Mississippi | Benton | MSWIN Mississippi Wireless Integrated Network | [Lamar](/configs/Mississippi/counties/BENTON/Lamar.MSWIN.3-039.P25.json) |,3,039,27,,Lamar,Benton,34.91939,-89.30991,16,770.85625,773.08125,773.331250c,773.581250c,773.831250c,770.10625,,,,,,,
| Mississippi | Benton | MSWIN Mississippi Wireless Integrated Network | [Ashland](/configs/Mississippi/counties/BENTON/Ashland.MSWIN.3-040.P25.json) |,3,040,28,,Ashland,Benton,34.84703,-89.10381,16,769.25625,770.931250c,770.681250c,770.431250c,774.41875,,,,,,,,
| Mississippi | Bolivar | MSWIN Mississippi Wireless Integrated Network | [DPS Shaw](/configs/Mississippi/counties/BOLIVAR/DPS_Shaw.MSWIN.3-013.P25.json) |,3,013,D,2A2,DPS Shaw,Bolivar,33.61869,-90.86672,16,771.65625,774.318750c,774.568750c,774.818750c,771.15625,,,,,,,,
| Mississippi | Bolivar | MSWIN Mississippi Wireless Integrated Network | [Shelby](/configs/Mississippi/counties/BOLIVAR/Shelby.MSWIN.3-014.P25.json) |,3,014,E,2A0,Shelby,Bolivar,33.97306,-90.76406,16,770.418750c,770.668750c,770.918750c,772.78125,769.25625,,,,,,,,
| Mississippi | Bolivar | MSWIN Mississippi Wireless Integrated Network | [Cleveland-Boyle](/configs/Mississippi/counties/BOLIVAR/Cleveland-Boyle.MSWIN.3-047.P25.json) |,3,047,2F,2A1,Cleveland-Boyle,Bolivar,33.71778,-90.70972,20,773.081250c,772.54375,772.79375,773.581250c,773.331250c,,,,,,,,
| Mississippi | Calhoun | MSWIN Mississippi Wireless Integrated Network | [Bruce](/configs/Mississippi/counties/CALHOUN/Bruce.MSWIN.2-028.P25.json) |,2,028,1C,,Bruce,Calhoun,34.04483,-89.35189,16,771.63125,773.806250c,773.056250c,773.306250c,773.556250c,771.15625,,,,,,,
| Mississippi | Carroll | MSWIN Mississippi Wireless Integrated Network | [Carrollton](/configs/Mississippi/counties/CARROLL/Carrollton.MSWIN.3-008.P25.json) |,3,008,8,2A1,Carrollton,Carroll,33.43322,-89.96139,16,769.406250c,769.656250c,769.906250c,772.98125,,,,,,,,,
| Mississippi | Carroll | MSWIN Mississippi Wireless Integrated Network | [North Carrollton](/configs/Mississippi/counties/CARROLL/North_Carrollton.MSWIN.3-009.P25.json) |,3,009,9,2A2,North Carrollton,Carroll,33.60739,-90.01564,16,771.50625,773.818750c,773.568750c,773.318750c,771.13125,,,,,,,,
| Mississippi | Chickasaw | MSWIN Mississippi Wireless Integrated Network | [Woodland](/configs/Mississippi/counties/CHICKASAW/Woodland.MSWIN.2-027.P25.json) |,2,027,1B,,Woodland,Chickasaw,33.80036,-89.13814,16,770.181250c,770.431250c,770.681250c,770.931250c,772.65625,772.38125,,,,,,,
| Mississippi | Choctaw | MSWIN Mississippi Wireless Integrated Network | [Ackerman](/configs/Mississippi/counties/CHOCTAW/Ackerman.MSWIN.2-022.P25.json) |,2,022,16,,Ackerman,Choctaw,33.36433,-89.18117,16,772.33125,774.068750c,774.318750c,774.568750c,774.818750c,771.18125,,,,,,,
| Mississippi | Claiborne | MSWIN Mississippi Wireless Integrated Network | [Port Gibson](/configs/Mississippi/counties/CLAIBORNE/Port_Gibson.MSWIN.2-001.P25.json) |,2,001,1,2A1,Port Gibson,Claiborne,31.99189,-90.97392,14,771.48125,773.05625,773.306250c,773.556250c,773.806250c,,,,,,,,
| Mississippi | Clarke | MSWIN Mississippi Wireless Integrated Network | [Quitman](/configs/Mississippi/counties/CLARKE/Quitman.MSWIN.2-033.P25.json) |,2,033,21,,Quitman,Clarke,32.0175,-88.60056,16,771.25625,774.818750c,774.06875,774.318750c,774.568750c,,,,,,,,
| Mississippi | Clarke | MSWIN Mississippi Wireless Integrated Network | [Middleton](/configs/Mississippi/counties/CLARKE/Middleton.MSWIN.2-034.P25.json) |,2,034,22,,Middleton,Clarke,32.20911,-88.58539,16,769.218750c,769.468750c,769.718750c,769.968750c,772.95625,,,,,,,,
| Mississippi | Clay | MSWIN Mississippi Wireless Integrated Network | [Reid Hill](/configs/Mississippi/counties/CLAY/Reid_Hill.MSWIN.2-026.P25.json) |,2,026,1A,,Reid Hill,Clay,33.69425,-88.87494,16,769.18125,769.431250c,769.681250c,769.931250c,772.15625,772.50625,,,,,,,
| Mississippi | Coahoma | MSWIN Mississippi Wireless Integrated Network | [MDOT Coahoma](/configs/Mississippi/counties/COAHOMA/MDOT_Coahoma.MSWIN.3-016.P25.json) |,3,016,10,2A3,MDOT Coahoma,Coahoma,34.19917,-90.46819,16,771.48125,771.80625,774.03125,774.281250c,774.531250c,774.781250c,,,,,,,
| Mississippi | Copiah | MSWIN Mississippi Wireless Integrated Network | [Bowerton](/configs/Mississippi/counties/COPIAH/Bowerton.MSWIN.2-002.P25.json) |,2,002,2,2A3,Bowerton,Copiah,31.74822,-90.61644,14,769.20625,769.456250c,769.706250c,769.956250c,772.80625,,,,,,,,
| Mississippi | Copiah | MSWIN Mississippi Wireless Integrated Network | [MDOT Hazlehurst](/configs/Mississippi/counties/COPIAH/MDOT_Hazlehurst.MSWIN.2-003.P25.json) |,2,003,3,,MDOT Hazlehurst,Copiah,31.864503,-90.404314,18,770.18125,770.431250c,770.681250c,770.931250c,773.20625,774.70625,,,,,,,
| Mississippi | Covington | MSWIN Mississippi Wireless Integrated Network | [Seminary](/configs/Mississippi/counties/COVINGTON/Seminary.MSWIN.1-014.P25.json) |,1,014,E,,Seminary,Covington,31.608944,-89.429,16,769.19375,769.443750c,769.693750c,769.943750c,774.73125,,,,,,,,
| Mississippi | Covington | MSWIN Mississippi Wireless Integrated Network | [Collins West](/configs/Mississippi/counties/COVINGTON/Collins_West.MSWIN.1-015.P25.json) |,1,015,F,,Collins West,Covington,31.630278,-89.619667,14,772.73125,774.03125,774.281250c,774.531250c,774.781250c,,,,,,,,
| Mississippi | DeSoto | MSWIN Mississippi Wireless Integrated Network | [Lewisburg](/configs/Mississippi/counties/DESOTO/Lewisburg.MSWIN.3-026.P25.json) |,3,026,1A,2A3,Lewisburg,DeSoto,34.86645,-89.84074,16,769.18125,769.431250c,769.681250c,769.931250c,772.53125,772.83125,,,,,,,
| Mississippi | DeSoto | MSWIN Mississippi Wireless Integrated Network | [DeSoto County Simulcast](/configs/Mississippi/counties/DESOTO/DeSoto_County_Simulcast.MSWIN.4-001.P25.json) |,4,001,1,2A1,DeSoto County Simulcast,DeSoto,34.889419,-90.005155,18,854.212500c,854.3375,854.3625,854.462500c,856.487500c,856.762500c,857.4875,857.7625,858.4875,858.7625,859.4875,859.7625,
| Mississippi | Forrest | MSWIN Mississippi Wireless Integrated Network | [Rock Hill](/configs/Mississippi/counties/FORREST/Rock_Hill.MSWIN.1-002.P25.json) |,1,002,2,,Rock Hill,Forrest,31.085839,-89.303139,15,773.65625,773.90625,769.15625,769.406250c,769.656250c,769.906250c,,,,,,,
| Mississippi | Forrest | MSWIN Mississippi Wireless Integrated Network | [Hattiesburg](/configs/Mississippi/counties/FORREST/Hattiesburg.MSWIN.1-048.P25.json) |,1,048,30,,Hattiesburg,Forrest,31.31917,-89.33028,14,854.2125,855.2125,855.7125,855.9875,856.937500c,857.287500c,,,,,,,
| Mississippi | Forrest | MSWIN Mississippi Wireless Integrated Network | [Brooklyn](/configs/Mississippi/counties/FORREST/Brooklyn.MSWIN.1-049.P25.json) |,1,049,31,,Brooklyn,Forrest,31.02464,-89.19867,14,854.9875,855.2125,855.4625,855.7125,855.9375,856.312500c,857.362500c,,,,,,
| Mississippi | Franklin | MSWIN Mississippi Wireless Integrated Network | [Bude](/configs/Mississippi/counties/FRANKLIN/Bude.MSWIN.1-034.P25.json) |,1,034,22,2A2,Bude,Franklin,31.369722,-90.748972,14,771.50625,773.04375,773.293750c,773.543750c,773.793750c,,,,,,,,
| Mississippi | Franklin | MSWIN Mississippi Wireless Integrated Network | [Roxie](/configs/Mississippi/counties/FRANKLIN/Roxie.MSWIN.1-035.P25.json) |,1,035,23,2A0,Roxie,Franklin,31.500872,-91.035591,12,769.16875,769.418750c,769.668750c,769.918750c,774.48125,,,,,,,,
| Mississippi | George | MSWIN Mississippi Wireless Integrated Network | [Lucedale ](/configs/Mississippi/counties/GEORGE/Lucedale_.MSWIN.1-019.P25.json) |,1,019,13,,Lucedale ,George,30.925639,-88.520083,14,770.20625,770.456250c,770.706250c,770.956250c,772.83125,,,,,,,,
| Mississippi | George | MSWIN Mississippi Wireless Integrated Network | [Benndale](/configs/Mississippi/counties/GEORGE/Benndale.MSWIN.1-020.P25.json) |,1,020,14,,Benndale,George,30.858206,-88.808383,14,773.58125,773.83125,774.081250c,774.331250c,774.581250c,774.831250c,,,,,,,
| Mississippi | Greene | MSWIN Mississippi Wireless Integrated Network | [SMCI Leakesville](/configs/Mississippi/counties/GREENE/SMCI_Leakesville.MSWIN.1-004.P25.json) |,1,004,4,,SMCI Leakesville,Greene,31.172844,-88.606128,15,771.60625,773.04375,773.293750c,773.543750c,773.793750c,,,,,,,,
| Mississippi | Grenada | MSWIN Mississippi Wireless Integrated Network | [Grenada](/configs/Mississippi/counties/GRENADA/Grenada.MSWIN.3-011.P25.json) |,3,011,B,2A3,Grenada,Grenada,33.748,-89.855,16,769.08125,769.85625,774.831250c,774.581250c,774.331250c,774.081250c,,,,,,,
| Mississippi | Grenada | MSWIN Mississippi Wireless Integrated Network | [Grenada Lake](/configs/Mississippi/counties/GRENADA/Grenada_Lake.MSWIN.3-012.P25.json) |,3,012,C,2A0,Grenada Lake,Grenada,33.86699,-89.60876,16,773.08125,773.331250c,773.581250c,773.831250c,774.90625,774.65625,,,,,,,
| Mississippi | Hancock | MSWIN Mississippi Wireless Integrated Network | [Hancock County](/configs/Mississippi/counties/HANCOCK/Hancock_County.MSWIN.1-022.P25.json) |,1,022,16,,Hancock County,Hancock,30.613558,-89.41495,16,772.23125,772.90625,774.05625,774.306250c,774.556250c,774.806250c,,,,,,,
| Mississippi | Hancock | MSWIN Mississippi Wireless Integrated Network | [Kiln](/configs/Mississippi/counties/HANCOCK/Kiln.MSWIN.1-050.P25.json) |,1,050,32,,Kiln,Hancock,30.4375,-89.43403,20,851.112500c,851.575000c,852.650000c,852.912500c,853.1875,,,,,,,,
| Mississippi | Hancock | MSWIN Mississippi Wireless Integrated Network | [Waveland](/configs/Mississippi/counties/HANCOCK/Waveland.MSWIN.1-051.P25.json) |,1,051,33,2A0,Waveland,Hancock,30.313611,-89.411389,20,769.281250c,770.218750c,770.468750c,770.718750c,773.94375,,,,,,,,
| Mississippi | Hancock | MSWIN Mississippi Wireless Integrated Network | [Port Bienville](/configs/Mississippi/counties/HANCOCK/Port_Bienville.MSWIN.1-052.P25.json) |,1,052,34,,Port Bienville,Hancock,30.2285,-89.538583,20,770.518750c,771.143750c,772.243750c,772.518750c,856.2625,855.4125,856.6625,857.0125,857.6625,858.1625,772.91875,773.99375,
| Mississippi | Hancock | MSWIN Mississippi Wireless Integrated Network | [Stennis Space Center](/configs/Mississippi/counties/HANCOCK/Stennis_Space_Center.MSWIN.1-055.P25.json) |,1,055,37,,Stennis Space Center,Hancock,30.374444,-89.618056,20,769.606250c,770.093750c,771.09375,772.34375,773.93125,,,,,,,,
| Mississippi | Harrison | MSWIN Mississippi Wireless Integrated Network | [Harrison County](/configs/Mississippi/counties/HARRISON/Harrison_County.MSWIN.1-017.P25.json) |,1,017,11,,Harrison County,Harrison,30.454806,-89.219833,20,770.19375,770.44375,770.69375,770.94375,771.68125,773.068750c,773.318750c,773.568750c,773.818750c,772.33125,772.73125,774.63125,
| Mississippi | Hinds | MSWIN Mississippi Wireless Integrated Network | [ETV Raymond](/configs/Mississippi/counties/HINDS/ETV_Raymond.MSWIN.2-008.P25.json) |,2,008,8,,ETV Raymond,Hinds,32.19167,-90.40611,14,770.15625,770.40625,770.60625,770.65625,770.85626,771.10625,771.35625,771.65625,771.98125,773.031250c,773.281250c,773.531250c,773.781250c
| Mississippi | Hinds | MSWIN Mississippi Wireless Integrated Network | [Utica](/configs/Mississippi/counties/HINDS/Utica.MSWIN.2-009.P25.json) |,2,009,9,2A0,Utica,Hinds,32.08989,-90.66631,14,769.83125,774.03125,774.281250c,774.531250c,774.781250c,,,,,,,,
| Mississippi | Hinds | MSWIN Mississippi Wireless Integrated Network | [Jackson](/configs/Mississippi/counties/HINDS/Jackson.MSWIN.2-013.P25.json) |,2,013,D,,Jackson,Hinds,32.305111,-90.180889,18,769.16875,769.41875,769.66875,769.91875,770.16875,770.41875,770.66875,770.91875,773.06875,773.318750c,773.568750c,773.818750c,
| Mississippi | Hinds | MSWIN Mississippi Wireless Integrated Network | [Hinds County Simulcast 1](/configs/Mississippi/counties/HINDS/Hinds_County_Simulcast_1.MSWIN.2-056.P25.json) |,2,056,38,2A0,Hinds County Simulcast 1,Hinds,32.2648,-90.3748,25,851.625000c,851.850000c,852.087500c,855.6875,852.8375,853.3125,,,,,,,
| Mississippi | Hinds | MSWIN Mississippi Wireless Integrated Network | [Hinds County Simulcast 2](/configs/Mississippi/counties/HINDS/Hinds_County_Simulcast_2.MSWIN.2-062.P25.json) |,2,062,3E,2A0,Hinds County Simulcast 2,Hinds,32.2732,-90.447693,20,851.775000c,852.212500c,852.737500c,853.237500c,854.8625,,,,,,,,
| Mississippi | Holmes | MSWIN Mississippi Wireless Integrated Network | [Coxburg](/configs/Mississippi/counties/HOLMES/Coxburg.MSWIN.3-001.P25.json) |,3,001,1,2A6,Coxburg,Holmes,32.97833,-90.21603,16,770.18125,770.431250c,770.681250c,770.931250c,772.18125,772.50625,,,,,,,
| Mississippi | Holmes | MSWIN Mississippi Wireless Integrated Network | [Lexington](/configs/Mississippi/counties/HOLMES/Lexington.MSWIN.3-003.P25.json) |,3,003,3,2A6,Lexington,Holmes,33.14792,-90.12158,16,771.55625,771.90625,773.806250c,773.306250c,773.556250c,,,,,,,,
| Mississippi | Holmes | MSWIN Mississippi Wireless Integrated Network | [West](/configs/Mississippi/counties/HOLMES/West.MSWIN.3-004.P25.json) |,3,004,4,2A2,West,Holmes,33.23078,-89.81192,16,769.35625,769.60625,773.281250c,773.531250c,773.781250c,,,,,,,,
| Mississippi | Holmes | MSWIN Mississippi Wireless Integrated Network | [Durant](/configs/Mississippi/counties/HOLMES/Durant.MSWIN.3-051.P25.json) |,3,051,33,1A3,Durant,Holmes,33.03475,-89.94047,12,773.906250c,771.868750c,771.206250c,769.81875,769.10625,,,,,,,,
| Mississippi | Issaquena | MSWIN Mississippi Wireless Integrated Network | [Fitler](/configs/Mississippi/counties/ISSAQUENA/Fitler.MSWIN.2-016.P25.json) |,2,016,10,2A0,Fitler,Issaquena,32.77072,-91.05664,16,772.10625,773.04375,773.293750c,773.543750c,773.793750c,770.79375,771.04375,771.34375,771.68125,772.49375,772.79375,774.44375,
| Mississippi | Issaquena | MSWIN Mississippi Wireless Integrated Network | [Grace](/configs/Mississippi/counties/ISSAQUENA/Grace.MSWIN.2-017.P25.json) |,2,017,11,2A2,Grace,Issaquena,32.95861,-91.01167,16,772.98125,774.04375,774.293750c,774.543750c,774.793750c,772.38125,,,,,,,
| Mississippi | Itawamba | MSWIN Mississippi Wireless Integrated Network | [Mantachie](/configs/Mississippi/counties/ITAWAMBA/Mantachie.MSWIN.3-031.P25.json) |,3,031,1F,2A1,Mantachie,Itawamba,34.25756,-88.51741,16,771.03125,771.73125,774.08125,774.331250c,774.581250c,774.831250c,,,,,,,
| Mississippi | Itawamba | MSWIN Mississippi Wireless Integrated Network | [Tremont](/configs/Mississippi/counties/ITAWAMBA/Tremont.MSWIN.3-032.P25.json) |,3,032,20,,Tremont,Itawamba,34.22836,-88.26086,16,770.456250c,770.706250c,770.956250c,772.48125,772.88125,770.20625,,,,,,,
| Mississippi | Itawamba | MSWIN Mississippi Wireless Integrated Network | [Otto Forrest](/configs/Mississippi/counties/ITAWAMBA/Otto_Forrest.MSWIN.3-033.P25.json) |,3,033,21,2A4,Otto Forrest,Itawamba,34.42656,-88.32491,16,769.468750c,769.718750c,769.968750c,774.48125,773.90625,,,,,,,,
| Mississippi | Itinerant | MSWIN Mississippi Wireless Integrated Network | [SOW 1-98](/configs/Mississippi/counties/ITINERANT/SOW_1-98.MSWIN.1-098.P25.json) |,1,098,62,,SOW 1-98,Itinerant,32.7320803,-89.5100705,190,770.46875,774.09375,774.343750c,774.593750c,774.843750c,,,,,,,,
| Mississippi | Itinerant | MSWIN Mississippi Wireless Integrated Network | [SOW 2-99](/configs/Mississippi/counties/ITINERANT/SOW_2-99.MSWIN.2-099.P25.json) |,2,099,63,,SOW 2-99,Itinerant,32.7320803,-89.5100705,190,770.718750c,770.968750c,770.21875,770.468750c,,,,,,,,,
| Mississippi | Itinerant | MSWIN Mississippi Wireless Integrated Network | [SOW 2-100](/configs/Mississippi/counties/ITINERANT/SOW_2-100.MSWIN.2-100.P25.json) |,2,100,64,,SOW 2-100,Itinerant,32.7320803,-89.5100705,190,773.09375,773.343750c,773.593750c,773.843750c,,,,,,,,,
| Mississippi | Jackson | MSWIN Mississippi Wireless Integrated Network | [Vancleave](/configs/Mississippi/counties/JACKSON/Vancleave.MSWIN.1-018.P25.json) |,1,018,12,,Vancleave,Jackson,30.605444,-88.646861,16,769.16875,769.41875,769.66875,769.91875,770.168750c,770.418750c,770.668750c,770.918750c,,,,,
| Mississippi | Jackson | MSWIN Mississippi Wireless Integrated Network | [Fountainbleau ](/configs/Mississippi/counties/JACKSON/Fountainbleau_.MSWIN.1-044.P25.json) |,1,044,2C,,Fountainbleau ,Jackson,30.39771,-88.722827,16,774.793750c,774.543750c,774.29375,774.04375,769.95625,769.70625,769.45625,,,,,,
| Mississippi | Jasper | MSWIN Mississippi Wireless Integrated Network | [Vossburg](/configs/Mississippi/counties/JASPER/Vossburg.MSWIN.2-032.P25.json) |,2,032,20,2A1,Vossburg,Jasper,31.94294,-88.95644,16,772.18125,772.53125,773.031250c,773.281250c,773.531250c,773.781250c,,,,,,,
| Mississippi | Jasper | MSWIN Mississippi Wireless Integrated Network | [Rose Hill](/configs/Mississippi/counties/JASPER/Rose_Hill.MSWIN.2-035.P25.json) |,2,035,23,2A4,Rose Hill,Jasper,32.13721,-89.0929,16,770.156250c,770.406250c,770.656250c,770.906250c,774.68125,,,,,,,,
| Mississippi | Jefferson | MSWIN Mississippi Wireless Integrated Network | [Union Church](/configs/Mississippi/counties/JEFFERSON/Union_Church.MSWIN.1-036.P25.json) |,1,036,24,2A0,Union Church,Jefferson,31.692864,-90.870028,14,769.80625,770.20625,770.456250c,770.706250c,770.956250c,,,,,,,,
| Mississippi | Jefferson | MSWIN Mississippi Wireless Integrated Network | [Fayette](/configs/Mississippi/counties/JEFFERSON/Fayette.MSWIN.1-037.P25.json) |,1,037,25,2A2,Fayette,Jefferson,31.665954,-91.124482,10,770.16875,770.418750c,770.668750c,770.918750c,773.95625,,,,,,,,
| Mississippi | Jefferson | MSWIN Mississippi Wireless Integrated Network | [Jefferson North](/configs/Mississippi/counties/JEFFERSON/Jefferson_North.MSWIN.1-043.P25.json) |,1,043,2B,2A0,Jefferson North,Jefferson,31.850861,-91.146096,12,769.19375,769.443750c,769.693750c,769.943750c,773.38125,,,,,,,,
| Mississippi | Jones | MSWIN Mississippi Wireless Integrated Network | [Ellisville SE](/configs/Mississippi/counties/JONES/Ellisville_SE.MSWIN.1-010.P25.json) |,1,010,A,,Ellisville SE,Jones,31.504344,-89.120161,16,774.63125,774.90625,770.19375,770.443750c,770.693750c,770.943750c,,,,,,,
| Mississippi | Jones | MSWIN Mississippi Wireless Integrated Network | [Jones County (800 MHz)](/configs/Mississippi/counties/JONES/Jones_County_(800_MHz).MSWIN.1-046.P25.json) |,1,046,2E,,Jones County (800 MHz),Jones,31.74572,-89.10589,18,854.2625,854.9125,855.9625,856.962500c,857.462500c,857.762500c,858.437500c,,,,,,
| Mississippi | Kemper | MSWIN Mississippi Wireless Integrated Network | [Dekalb South](/configs/Mississippi/counties/KEMPER/Dekalb_South.MSWIN.2-046.P25.json) |,2,046,2E,2A7,Dekalb South,Kemper,32.72933,-88.668,16,770.193750c,770.443750c,770.693750c,770.943750c,774.65625,,,,,,,,
| Mississippi | Kemper | MSWIN Mississippi Wireless Integrated Network | [Shuqualak](/configs/Mississippi/counties/KEMPER/Shuqualak.MSWIN.2-047.P25.json) |,2,047,2F,,Shuqualak,Kemper,32.92222,-88.64317,16,771.90625,773.056250c,773.306250c,773.556250c,773.806250c,,,,,,,,
| Mississippi | Lafayette | MSWIN Mississippi Wireless Integrated Network | [MDOT Lafayette](/configs/Mississippi/counties/LAFAYETTE/MDOT_Lafayette.MSWIN.3-019.P25.json) |,3,019,13,,MDOT Lafayette,Lafayette,34.236,-89.37931,16,770.78125,774.05625,774.306250c,774.556250c,774.806250c,,,,,,,,
| Mississippi | Lafayette | MSWIN Mississippi Wireless Integrated Network | [Lowe Mountain](/configs/Mississippi/counties/LAFAYETTE/Lowe_Mountain.MSWIN.3-020.P25.json) |,3,020,14,,Lowe Mountain,Lafayette,34.33853,-89.65019,16,769.21875,769.468750c,769.718750c,769.968750c,771.88125,,,,,,,,
| Mississippi | Lafayette | MSWIN Mississippi Wireless Integrated Network | [Oxford](/configs/Mississippi/counties/LAFAYETTE/Oxford.MSWIN.3-021.P25.json) |,3,021,15,,Oxford,Lafayette,34.39137,-89.38523,16,770.16875,770.418750c,770.668750c,770.918750c,774.68125,,,,,,,,
| Mississippi | Lafayette | MSWIN Mississippi Wireless Integrated Network | [University of Mississippi](/configs/Mississippi/counties/LAFAYETTE/University_of_Mississippi.MSWIN.3-049.P25.json) |,3,049,31,,University of Mississippi,Lafayette,34.35189,-89.54264,20,769.106250c,769.781250c,771.106250c,722.306250c,772.706235,,,,,,,,
| Mississippi | Lamar | MSWIN Mississippi Wireless Integrated Network | [Lamar County](/configs/Mississippi/counties/LAMAR/Lamar_County.MSWIN.1-011.P25.json) |,1,011,B,,Lamar County,Lamar,31.215878,-89.489753,14,773.13125,773.45625,770.18125,770.431250c,770.681250c,770.931250c,,,,,,,
| Mississippi | Lamar | MSWIN Mississippi Wireless Integrated Network | [West Hattiesburg](/configs/Mississippi/counties/LAMAR/West_Hattiesburg.MSWIN.1-047.P25.json) |,1,047,2F,,West Hattiesburg,Lamar,31.30656,-89.41089,14,854.3125,854.6125,854.862500c,855.2375,855.437500c,855.6875,856.2375,856.4375,857.2375,857.4375,,,
| Mississippi | Lauderdale | MSWIN Mississippi Wireless Integrated Network | [Meegan](/configs/Mississippi/counties/LAUDERDALE/Meegan.MSWIN.2-039.P25.json) |,2,039,27,2A6,Meegan,Lauderdale,32.30716,-88.84132,16,770.206250c,770.456250c,770.706250c,770.956250c,772.45625,772.70625,,,,,,,
| Mississippi | Lauderdale | MSWIN Mississippi Wireless Integrated Network | [Meridian](/configs/Mississippi/counties/LAUDERDALE/Meridian.MSWIN.2-040.P25.json) |,2,040,28,,Meridian,Lauderdale,32.36283,-88.63253,16,770.60625,770.85625,773.081250c,773.331250c,773.581250c,773.831250c,,,,,,,
| Mississippi | Lauderdale | MSWIN Mississippi Wireless Integrated Network | [Kewanee](/configs/Mississippi/counties/LAUDERDALE/Kewanee.MSWIN.2-041.P25.json) |,2,041,29,2A0,Kewanee,Lauderdale,32.47072,-88.45283,16,769.193750c,769.443750c,769.693750c,769.943750c,773.63125,773.95625,,,,,,,
| Mississippi | Lauderdale | MSWIN Mississippi Wireless Integrated Network | [Martin](/configs/Mississippi/counties/LAUDERDALE/Martin.MSWIN.2-043.P25.json) |,2,043,2B,,Martin,Lauderdale,32.56383,-88.88664,16,769.50625,774.043750c,774.293750c,774.543750c,774.793750c,,,,,,,,
| Mississippi | Lawrence | MSWIN Mississippi Wireless Integrated Network | [MDOT Lawrence](/configs/Mississippi/counties/LAWRENCE/MDOT_Lawrence.MSWIN.1-031.P25.json) |,1,031,1F,,MDOT Lawrence,Lawrence,31.594531,-89.982131,14,771.43125,774.08125,774.331250c,774.581250c,774.831250c,,,,,,,,
| Mississippi | Leake | MSWIN Mississippi Wireless Integrated Network | [Walnut Grove](/configs/Mississippi/counties/LEAKE/Walnut_Grove.MSWIN.2-044.P25.json) |,2,044,2C,2A0,Walnut Grove,Leake,32.62289,-89.38725,14,773.18125,774.08125,774.331250c,774.581250c,774.831250c,,,,,,,,
| Mississippi | Leake | MSWIN Mississippi Wireless Integrated Network | [Four Corners](/configs/Mississippi/counties/LEAKE/Four_Corners.MSWIN.2-048.P25.json) |,2,048,30,,Four Corners,Leake,32.91681,-89.32903,16,773.04375,773.293750c,773.543750c,773.793750c,774.43125,,,,,,,,
| Mississippi | Leake | MSWIN Mississippi Wireless Integrated Network | [Thomastown](/configs/Mississippi/counties/LEAKE/Thomastown.MSWIN.2-049.P25.json) |,2,049,31,2A2,Thomastown,Leake,32.86672,-89.70431,14,770.83125,774.03125,774.281250c,774.531250c,774.781250c,,,,,,,,
| Mississippi | Lee | MSWIN Mississippi Wireless Integrated Network | [Satillo](/configs/Mississippi/counties/LEE/Satillo.MSWIN.3-045.P25.json) |,3,045,2D,2A5,Satillo,Lee,34.368056,-88.693333,17,769.33125,769.83125,770.281250c,770.531250c,770.806250c,772.731250c,,,,,,,
| Mississippi | Lee | MSWIN Mississippi Wireless Integrated Network | [Nichols Park](/configs/Mississippi/counties/LEE/Nichols_Park.MSWIN.3-046.P25.json) |,3,046,2E,2A6,Nichols Park,Lee,34.21817,-88.73144,17,855.1875,855.612500c,856.262500c,856.987500c,857.262500c,,,,,,,,
| Mississippi | Leflore | MSWIN Mississippi Wireless Integrated Network | [Morgan City](/configs/Mississippi/counties/LEFLORE/Morgan_City.MSWIN.3-007.P25.json) |,3,007,7,2A3,Morgan City,Leflore,33.32456,-90.41183,16,769.468750c,769.718750c,769.968750c,772.85625,771.60625,,,,,,,,
| Mississippi | Lincoln | MSWIN Mississippi Wireless Integrated Network | [Brookhaven East ](/configs/Mississippi/counties/LINCOLN/Brookhaven_East_.MSWIN.1-032.P25.json) |,1,032,20,,Brookhaven East ,Lincoln,31.575115,-90.332012,14,771.83125,774.05625,774.306250c,774.556250c,774.806250c,,,,,,,,
| Mississippi | Lincoln | MSWIN Mississippi Wireless Integrated Network | [Brookhaven West ](/configs/Mississippi/counties/LINCOLN/Brookhaven_West_.MSWIN.1-033.P25.json) |,1,033,21,,Brookhaven West ,Lincoln,31.533444,-90.525722,12,769.18125,769.431250c,769.681250c,769.931250c,772.43125,772.75625,,,,,,,
| Mississippi | Lowndes | MSWIN Mississippi Wireless Integrated Network | [Crawford](/configs/Mississippi/counties/LOWNDES/Crawford.MSWIN.2-021.P25.json) |,2,021,15,,Crawford,Lowndes,33.33508,-88.58478,16,769.218750c,769.468750c,769.718750c,769.968750c,774.45625,774.73125,,,,,,,
| Mississippi | Lowndes | MSWIN Mississippi Wireless Integrated Network | [Columbus](/configs/Mississippi/counties/LOWNDES/Columbus.MSWIN.2-025.P25.json) |,2,025,19,,Columbus,Lowndes,33.55392,-88.37303,16,771.88125,771.50625,774.031250c,774.281250c,774.531250c,774.781250c,,,,,,,
| Mississippi | Madison | MSWIN Mississippi Wireless Integrated Network | [Lake Cavalier](/configs/Mississippi/counties/MADISON/Lake_Cavalier.MSWIN.2-012.P25.json) |,2,012,C,2A5,Lake Cavalier,Madison,32.45803,-90.22139,18,769.19375,769.44375,769.69375,769.94375,770.20625,770.45625,770.706250c,770.956250c,773.73125,773.98125,774.568750c,774.818750c,
| Mississippi | Madison | MSWIN Mississippi Wireless Integrated Network | [Sharon](/configs/Mississippi/counties/MADISON/Sharon.MSWIN.2-014.P25.json) |,2,014,E,2A6,Sharon,Madison,32.67714,-89.90889,14,772.35625,772.78125,774.05625,774.306250c,774.556250c,774.806250c,,,,,,,
| Mississippi | Madison | MSWIN Mississippi Wireless Integrated Network | [Ridgeland](/configs/Mississippi/counties/MADISON/Ridgeland.MSWIN.2-057.P25.json) |,2,057,39,,Ridgeland,Madison,32.40764,-90.15094,12,854.4125,854.662500c,854.937500c,855.387500c,856.2375,856.4375,857.2375,857.4375,,,,,
| Mississippi | Madison | MSWIN Mississippi Wireless Integrated Network | [Canton](/configs/Mississippi/counties/MADISON/Canton.MSWIN.2-065.P25.json) |,2,065,41,,Canton,Madison,32.60186,-90.07478,18,771.293750c,771.818750c,772.21875,774.23125,774.73125,772.21875,,,,,,,
| Mississippi | Marion | MSWIN Mississippi Wireless Integrated Network | [Sandy Hook](/configs/Mississippi/counties/MARION/Sandy_Hook.MSWIN.1-001.P25.json) |,1,001,1,,Sandy Hook,Marion,31.013658,-89.795994,12,771.65625,774.04375,774.293750c,774.543750c,774.793750c,,,,,,,,
| Mississippi | Marion | MSWIN Mississippi Wireless Integrated Network | [Columbia East](/configs/Mississippi/counties/MARION/Columbia_East.MSWIN.1-012.P25.json) |,1,012,C,,Columbia East,Marion,31.336174,-89.69576,12,770.20625,770.456250c,770.706250c,770.956250c,774.65625,,,,,,,,
| Mississippi | Marion | MSWIN Mississippi Wireless Integrated Network | [Foxworth](/configs/Mississippi/counties/MARION/Foxworth.MSWIN.1-013.P25.json) |,1,013,D,,Foxworth,Marion,31.258268,-89.933129,12,772.78125,773.06875,773.318750c,773.568750c,773.818750c,,,,,,,,
| Mississippi | Marshall | MSWIN Mississippi Wireless Integrated Network | [Laws Hill](/configs/Mississippi/counties/MARSHALL/Laws_Hill.MSWIN.3-027.P25.json) |,3,027,1B,2A0,Laws Hill,Marshall,34.6439,-89.56098,16,770.20625,770.456250c,770.706250c,770.956250c,772.88125,772.58125,,,,,,,
| Mississippi | Marshall | MSWIN Mississippi Wireless Integrated Network | [Holly Springs](/configs/Mississippi/counties/MARSHALL/Holly_Springs.MSWIN.3-028.P25.json) |,3,028,1C,,Holly Springs,Marshall,34.78394,-89.39922,16,771.50625,771.80625,774.04375,774.293750c,774.543750c,774.793750c,,,,,,,
| Mississippi | Monroe | MSWIN Mississippi Wireless Integrated Network | [Wise Gap](/configs/Mississippi/counties/MONROE/Wise_Gap.MSWIN.2-029.P25.json) |,2,029,1D,,Wise Gap,Monroe,33.87972,-88.34214,16,770.15625,770.406250c,770.656250c,770.906250c,774.13125,773.49375,,,,,,,
| Mississippi | Monroe | MSWIN Mississippi Wireless Integrated Network | [Ashcroft](/configs/Mississippi/counties/MONROE/Ashcroft.MSWIN.2-030.P25.json) |,2,030,1E,,Ashcroft,Monroe,34.02461,-88.367,16,770.85625,773.03125,773.281250c,773.531250c,773.781250c,770.05625,,,,,,,
| Mississippi | Montgomery | MSWIN Mississippi Wireless Integrated Network | [Winona](/configs/Mississippi/counties/MONTGOMERY/Winona.MSWIN.3-010.P25.json) |,3,010,A,2A3,Winona,Montgomery,33.57267,-89.73563,16,769.443750c,769.693750c,769.943750c,771.65625,771.98125,771.33125,,,,,,,
| Mississippi | Neshoba | MSWIN Mississippi Wireless Integrated Network | [Philadelphia South](/configs/Mississippi/counties/NESHOBA/Philadelphia_South.MSWIN.2-045.P25.json) |,2,045,2D,,Philadelphia South,Neshoba,32.73569,-89.09206,16,771.65625,773.068750c,773.318750c,773.568750c,773.818750c,,,,,,,,
| Mississippi | Newton | MSWIN Mississippi Wireless Integrated Network | [Decatur](/configs/Mississippi/counties/NEWTON/Decatur.MSWIN.2-042.P25.json) |,2,042,2A,,Decatur,Newton,32.44497,-89.12433,16,770.931250c,770.181250c,770.431250c,770.681250c,772.75625,,,,,,,,
| Mississippi | Oktibbeha | MSWIN Mississippi Wireless Integrated Network | [Starkville](/configs/Mississippi/counties/OKTIBBEHA/Starkville.MSWIN.2-066.P25.json) |,2,066,42,2A0,Starkville,Oktibbeha,33.43231,-88.74886,20,854.962500c,855.212500c,855.462500c,855.9625,856.2375,854.3375,854.6625,855.7125,856.4875,,,,
| Mississippi | Oktibbeha | MSWIN Mississippi Wireless Integrated Network | [Craig Springs](/configs/Mississippi/counties/OKTIBBEHA/Craig_Springs.MSWIN.2-067.P25.json) |,2,067,43,2A0,Craig Springs,Oktibbeha,33.31206,-88.91894,20,854.0125,854.2625,854.562500c,854.987500c,855.487500c,,,,,,,,
| Mississippi | Oktibbeha | MSWIN Mississippi Wireless Integrated Network | [Downtown Starkville](/configs/Mississippi/counties/OKTIBBEHA/Downtown_Starkville.MSWIN.2-068.P25.json) |,2,068,44,2A0,Downtown Starkville,Oktibbeha,33.46872,-88.817,20,854.050000c,854.225000c,854.375000c,854.600000c,854.75,855.9875,856.4375,856.7125,,,,,
| Mississippi | Panola | MSWIN Mississippi Wireless Integrated Network | [Sardis](/configs/Mississippi/counties/PANOLA/Sardis.MSWIN.3-022.P25.json) |,3,022,16,,Sardis,Panola,34.46514,-89.95006,16,769.28125,769.53125,773.06875,774.318750c,774.568750c,774.818750c,,,,,,,
| Mississippi | Panola | MSWIN Mississippi Wireless Integrated Network | [Batesville](/configs/Mississippi/counties/PANOLA/Batesville.MSWIN.3-044.P25.json) |,3,044,2C,,Batesville,Panola,34.31497,-89.94222,16,770.43125,771.256250c,801.25625,,,,,,,,,,
| Mississippi | Pearl River | MSWIN Mississippi Wireless Integrated Network | [Nicholson](/configs/Mississippi/counties/PEARL RIVER/Nicholson.MSWIN.1-016.P25.json) |,1,016,10,,Nicholson,Pearl River,30.48195,-89.70136,20,769.18125,769.431250c,769.681250c,769.931250c,774.19375,774.89375,,,,,,,
| Mississippi | Pearl River | MSWIN Mississippi Wireless Integrated Network | [Poplarville North](/configs/Mississippi/counties/PEARL RIVER/Poplarville_North.MSWIN.1-023.P25.json) |,1,023,17,,Poplarville North,Pearl River,30.925144,-89.467164,12,770.15625,770.406250c,770.656250c,770.906250c,774.18125,774.88125,,,,,,,
| Mississippi | Pearl River | MSWIN Mississippi Wireless Integrated Network | [Poplarville West](/configs/Mississippi/counties/PEARL RIVER/Poplarville_West.MSWIN.1-024.P25.json) |,1,024,18,,Poplarville West,Pearl River,30.789442,-89.779781,12,772.40625,773.04375,773.293750c,773.543750c,773.793750c,,,,,,,,
| Mississippi | Perry | MSWIN Mississippi Wireless Integrated Network | [Oak Grove](/configs/Mississippi/counties/PERRY/Oak_Grove.MSWIN.1-003.P25.json) |,1,003,3,,Oak Grove,Perry,31.023961,-89.034722,15,772.75625,769.21875,769.468750c,769.718750c,769.968750c,,,,,,,,
| Mississippi | Perry | MSWIN Mississippi Wireless Integrated Network | [New Augusta](/configs/Mississippi/counties/PERRY/New_Augusta.MSWIN.1-005.P25.json) |,1,005,5,,New Augusta,Perry,31.257053,-88.970378,15,771.45625,769.18125,769.431250c,769.681250c,769.931250c,,,,,,,,
| Mississippi | Pike | MSWIN Mississippi Wireless Integrated Network | [Quin](/configs/Mississippi/counties/PIKE/Quin.MSWIN.1-028.P25.json) |,1,028,1C,,Quin,Pike,31.206478,-90.53097,16,769.15625,769.21875,769.406250c,769.656250c,769.906250c,773.48125,773.93125,,,,,,
| Mississippi | Pike | MSWIN Mississippi Wireless Integrated Network | [Osyka](/configs/Mississippi/counties/PIKE/Osyka.MSWIN.1-056.P25.json) |,1,056,38,2A3,Osyka,Pike,31.007722,-90.500111,20,770.781250c,771.681250c,771.931250c,,,,,,,,,,
| Mississippi | Pontotoc | MSWIN Mississippi Wireless Integrated Network | [Pontotoc](/configs/Mississippi/counties/PONTOTOC/Pontotoc.MSWIN.3-029.P25.json) |,3,029,1D,,Pontotoc,Pontotoc,34.16274,-88.92882,16,769.20625,769.456250c,769.706250c,769.956250c,771.83125,772.25625,,,,,,,
| Mississippi | Pontotoc | MSWIN Mississippi Wireless Integrated Network | [Thaxton](/configs/Mississippi/counties/PONTOTOC/Thaxton.MSWIN.3-030.P25.json) |,3,030,1E,,Thaxton,Pontotoc,34.30508,-89.14894,16,769.15625,769.406250c,769.656250c,769.906250c,771.55625,771.30625,,,,,,,
| Mississippi | Prentiss | MSWIN Mississippi Wireless Integrated Network | [MDOT Prentiss](/configs/Mississippi/counties/PRENTISS/MDOT_Prentiss.MSWIN.3-036.P25.json) |,3,036,24,2A5,MDOT Prentiss,Prentiss,34.64544,-88.47233,16,769.918750c,772.98125,769.16875,769.418750c,772.68125,769.66875,,,,,,,
| Mississippi | Rankin | MSWIN Mississippi Wireless Integrated Network | [Cato](/configs/Mississippi/counties/RANKIN/Cato.MSWIN.2-006.P25.json) |,2,006,6,,Cato,Rankin,32.08153,-89.88917,14,771.93125,773.04375,773.293750c,773.543750c,773.793750c,,,,,,,,
| Mississippi | Rankin | MSWIN Mississippi Wireless Integrated Network | [Florence](/configs/Mississippi/counties/RANKIN/Florence.MSWIN.2-007.P25.json) |,2,007,7,,Florence,Rankin,32.13472,-90.06139,14,769.21875,769.46875,769.71875,769.96875,770.19375,770.44375,770.69375,770.943750c,772.28125,772.65625,774.068750c,774.318750c,
| Mississippi | Rankin | MSWIN Mississippi Wireless Integrated Network | [MHP Troop C](/configs/Mississippi/counties/RANKIN/MHP_Troop_C.MSWIN.2-050.P25.json) |,2,050,32,,MHP Troop C,Rankin,32.22939,-90.05197,12,770.03125,770.28125,770.53125,771.00625,771.256250c,774.131250c,774.381250c,774.656250c,,,,,
| Mississippi | Rankin | MSWIN Mississippi Wireless Integrated Network | [Rankin County Simulcast](/configs/Mississippi/counties/RANKIN/Rankin_County_Simulcast.MSWIN.2-058.P25.json) |,2,058,3A,2A8,Rankin County Simulcast,Rankin,32.38825,-90.03208,20,856.0625,856.462500c,856.587500c,856.762500c,857.062500c,855.6375,856.7625,,,,,,
| Mississippi | Scott | MSWIN Mississippi Wireless Integrated Network | [Morton](/configs/Mississippi/counties/SCOTT/Morton.MSWIN.2-037.P25.json) |,2,037,25,,Morton,Scott,32.27661,-89.66777,14,769.15625,769.406250c,769.656250c,769.906250c,772.08125,,,,,,,,
| Mississippi | Scott | MSWIN Mississippi Wireless Integrated Network | [Lake](/configs/Mississippi/counties/SCOTT/Lake.MSWIN.2-038.P25.json) |,2,038,26,,Lake,Scott,32.30122,-89.34736,14,769.18125,769.431250c,769.681250c,769.931250c,771.83125,,,,,,,,
| Mississippi | Simpson | MSWIN Mississippi Wireless Integrated Network | [Harrisville](/configs/Mississippi/counties/SIMPSON/Harrisville.MSWIN.2-004.P25.json) |,2,004,4,,Harrisville,Simpson,31.92756,-90.09981,14,772.40625,774.04375,774.293750c,774.543750c,774.793750c,,,,,,,,
| Mississippi | Simpson | MSWIN Mississippi Wireless Integrated Network | [Mendenhall](/configs/Mississippi/counties/SIMPSON/Mendenhall.MSWIN.2-005.P25.json) |,2,005,5,,Mendenhall,Simpson,31.82486,-89.90019,14,771.60625,773.08125,773.331250c,773.581250c,773.831250c,,,,,,,,
| Mississippi | Smith | MSWIN Mississippi Wireless Integrated Network | [Bay Springs](/configs/Mississippi/counties/SMITH/Bay_Springs.MSWIN.2-031.P25.json) |,2,031,1F,,Bay Springs,Smith,31.91522,-89.36081,14,771.78125,773.05625,773.306250c,773.556250c,773.806250c,,,,,,,,
| Mississippi | Smith | MSWIN Mississippi Wireless Integrated Network | [Raleigh](/configs/Mississippi/counties/SMITH/Raleigh.MSWIN.2-036.P25.json) |,2,036,24,2A6,Raleigh,Smith,32.00086,-89.52275,14,769.20625,769.456250c,769.706250c,769.956250c,772.93125,,,,,,,,
| Mississippi | Stone | MSWIN Mississippi Wireless Integrated Network | [Wiggins South](/configs/Mississippi/counties/STONE/Wiggins_South.MSWIN.1-021.P25.json) |,1,021,15,,Wiggins South,Stone,30.730489,-89.101664,15,773.53125,773.78125,774.031250c,774.281250c,774.531250c,774.781250c,,,,,,,
| Mississippi | Sunflower | MSWIN Mississippi Wireless Integrated Network | [MDOC Parchman](/configs/Mississippi/counties/SUNFLOWER/MDOC_Parchman.MSWIN.3-050.P25.json) |,3,050,32,2A0,MDOC Parchman,Sunflower,33.91892,-90.4945,20,769.331250c,770.106250c,771.056250c,771.856250c,772.13125,,,,,,,,
| Mississippi | Tallahatchie | MSWIN Mississippi Wireless Integrated Network | [Charleston](/configs/Mississippi/counties/TALLAHATCHIE/Charleston.MSWIN.3-015.P25.json) |,3,015,F,2A4,Charleston,Tallahatchie,33.97914,-90.03297,16,772.43125,773.793750c,773.543750c,773.293750c,772.00625,,,,,,,,
| Mississippi | Tate | MSWIN Mississippi Wireless Integrated Network | [Senatobia](/configs/Mississippi/counties/TATE/Senatobia.MSWIN.3-023.P25.json) |,3,023,17,2A1,Senatobia,Tate,34.55827,-89.90953,16,771.33125,771.70625,773.03125,773.281250c,773.531250c,773.781250c,,,,,,,
| Mississippi | Tate | MSWIN Mississippi Wireless Integrated Network | [Arkbutla](/configs/Mississippi/counties/TATE/Arkbutla.MSWIN.3-025.P25.json) |,3,025,19,,Arkbutla,Tate,34.71808,-90.15567,16,770.906250c,770.15625,770.406250c,770.656250c,772.98125,772.65625,,,,,,,
| Mississippi | Tippah | MSWIN Mississippi Wireless Integrated Network | [ETV Booneville](/configs/Mississippi/counties/TIPPAH/ETV_Booneville.MSWIN.3-037.P25.json) |,3,037,25,2A3,ETV Booneville,Tippah,34.67247,-88.74251,16,772.08125,773.04375,773.293750c,773.543750c,773.793750c,774.06875,771.23125,,,,,,
| Mississippi | Tishomingo | MSWIN Mississippi Wireless Integrated Network | [Dennis](/configs/Mississippi/counties/TISHOMINGO/Dennis.MSWIN.3-035.P25.json) |,3,035,23,2A2,Dennis,Tishomingo,34.54511,-88.23023,16,773.05625,773.306250c,773.556250c,773.806250c,774.15625,772.43125,,,,,,,
| Mississippi | Tishomingo | MSWIN Mississippi Wireless Integrated Network | [Iuka](/configs/Mississippi/counties/TISHOMINGO/Iuka.MSWIN.3-043.P25.json) |,3,043,2B,2A0,Iuka,Tishomingo,34.78969,-88.22808,16,771.85625,774.781250c,774.03125,774.28125,771.45625,774.531250c,,,,,,,
| Mississippi | Tunica | MSWIN Mississippi Wireless Integrated Network | [Tunica](/configs/Mississippi/counties/TUNICA/Tunica.MSWIN.3-024.P25.json) |,3,024,18,,Tunica,Tunica,34.59864,-90.39219,16,769.15625,769.406250c,769.656250c,769.906250c,771.63125,771.08125,771.38125,771.95625,772.56875,772.90625,773.64375,773.89375,
| Mississippi | Union | MSWIN Mississippi Wireless Integrated Network | [New Albany](/configs/Mississippi/counties/UNION/New_Albany.MSWIN.3-034.P25.json) |,3,034,22,,New Albany,Union,34.47056,-88.91926,16,772.00625,772.40625,773.06875,773.318750c,773.568750c,773.818750c,,,,,,,
| Mississippi | Walthall | MSWIN Mississippi Wireless Integrated Network | [Tylertown SE](/configs/Mississippi/counties/WALTHALL/Tylertown_SE.MSWIN.1-029.P25.json) |,1,029,1D,,Tylertown SE,Walthall,31.083423,-90.099234,16,771.98125,774.06875,774.318750c,774.568750c,774.818750c,,,,,,,,
| Mississippi | Walthall | MSWIN Mississippi Wireless Integrated Network | [Mesa](/configs/Mississippi/counties/WALTHALL/Mesa.MSWIN.1-030.P25.json) |,1,030,1E,2A1,Mesa,Walthall,31.258078,-90.237869,15,769.21875,769.468750c,769.718750c,769.968750c,774.45625,,,,,,,,
| Mississippi | Warren | MSWIN Mississippi Wireless Integrated Network | [MDOT Warren](/configs/Mississippi/counties/WARREN/MDOT_Warren.MSWIN.2-010.P25.json) |,2,010,A,2A2,MDOT Warren,Warren,32.282597,-90.906831,14,773.15625,774.68125,769.15625,769.406250c,769.656250c,769.906250c,,,,,,,
| Mississippi | Warren | MSWIN Mississippi Wireless Integrated Network | [Forestry Warren](/configs/Mississippi/counties/WARREN/Forestry_Warren.MSWIN.2-011.P25.json) |,2,011,B,2A0,Forestry Warren,Warren,32.448383,-90.746222,14,770.25625,770.50625,774.08125,774.331250c,774.581250c,774.831250c,,,,,,,
| Mississippi | Warren | MSWIN Mississippi Wireless Integrated Network | [Vicksburg](/configs/Mississippi/counties/WARREN/Vicksburg.MSWIN.2-060.P25.json) |,2,060,3C,2A0,Vicksburg,Warren,32.34514,-90.88206,17,854.212500c,854.487500c,854.7125,854.9625,855.2375,855.7125,856.7125,,,,,,
| Mississippi | Warren | MSWIN Mississippi Wireless Integrated Network | [Warren County](/configs/Mississippi/counties/WARREN/Warren_County.MSWIN.2-064.P25.json) |,2,064,40,2A0,Warren County,Warren,32.36425,-90.82953,20,855.9625,857.5625,857.7125,857.7375,857.9375,857.962500c,858.262500c,,,,,,
| Mississippi | Washington | MSWIN Mississippi Wireless Integrated Network | [Greenville](/configs/Mississippi/counties/WASHINGTON/Greenville.MSWIN.3-006.P25.json) |,3,006,6,2A5,Greenville,Washington,33.343,-90.95417,16,774.90625,770.443750c,770.693750c,770.943750c,772.90625,773.20625,773.45625,773.70625,773.95625,774.20625,774.48125,,
| Mississippi | Wayne | MSWIN Mississippi Wireless Integrated Network | [MDOT Wayne](/configs/Mississippi/counties/WAYNE/MDOT_Wayne.MSWIN.1-006.P25.json) |,1,006,6,,MDOT Wayne,Wayne,31.459106,-88.470247,12,771.93125,774.05625,774.306250c,774.556250c,774.806250c,,,,,,,,
| Mississippi | Wayne | MSWIN Mississippi Wireless Integrated Network | [Mulberry](/configs/Mississippi/counties/WAYNE/Mulberry.MSWIN.1-007.P25.json) |,1,007,7,,Mulberry,Wayne,31.453955,-88.768826,12,770.55625,773.06875,773.318750c,773.568750c,773.818750c,,,,,,,,
| Mississippi | Wayne | MSWIN Mississippi Wireless Integrated Network | [East Waynesboro](/configs/Mississippi/counties/WAYNE/East_Waynesboro.MSWIN.1-008.P25.json) |,1,008,8,,East Waynesboro,Wayne,31.742001,-88.539269,14,772.68125,769.16875,769.418750c,769.668750c,769.918750c,,,,,,,,
| Mississippi | Wayne | MSWIN Mississippi Wireless Integrated Network | [Waynesboro West](/configs/Mississippi/counties/WAYNE/Waynesboro_West.MSWIN.1-009.P25.json) |,1,009,9,,Waynesboro West,Wayne,31.705294,-88.773083,16,773.68125,770.16875,770.418750c,770.668750c,770.918750c,,,,,,,,
| Mississippi | Webster | MSWIN Mississippi Wireless Integrated Network | [Stewart](/configs/Mississippi/counties/WEBSTER/Stewart.MSWIN.2-023.P25.json) |,2,023,17,,Stewart,Webster,33.47181,-89.42631,16,770.956250c,770.706250c,770.456250c,770.206250c,773.95625,772.20625,,,,,,,
| Mississippi | Webster | MSWIN Mississippi Wireless Integrated Network | [West Webster](/configs/Mississippi/counties/WEBSTER/West_Webster.MSWIN.2-024.P25.json) |,2,024,18,,West Webster,Webster,33.65519,-89.4835,16,771.53125,774.793750c,774.543750c,774.293750c,774.043750c,771.28125,,,,,,,
| Mississippi | Wilkinson | MSWIN Mississippi Wireless Integrated Network | [Pinckneyville](/configs/Mississippi/counties/WILKINSON/Pinckneyville.MSWIN.1-025.P25.json) |,1,025,19,2A0,Pinckneyville,Wilkinson,31.067242,-91.48625,12,772.73125,774.05625,774.306250c,774.556250c,774.806250c,,,,,,,,
| Mississippi | Wilkinson | MSWIN Mississippi Wireless Integrated Network | [Wilkinson County](/configs/Mississippi/counties/WILKINSON/Wilkinson_County.MSWIN.1-026.P25.json) |,1,026,1A,,Wilkinson County,Wilkinson,31.084354,-91.223385,12,771.18125,774.03125,774.281250c,774.531250c,774.781250c,,,,,,,,
| Mississippi | Wilkinson | MSWIN Mississippi Wireless Integrated Network | [Doloroso ](/configs/Mississippi/counties/WILKINSON/Doloroso_.MSWIN.1-041.P25.json) |,1,041,29,2A0,Doloroso ,Wilkinson,31.306278,-91.360667,14,770.30625,773.03125,773.281250c,773.531250c,773.781250c,,,,,,,,
| Mississippi | Winston | MSWIN Mississippi Wireless Integrated Network | [Louisville](/configs/Mississippi/counties/WINSTON/Louisville.MSWIN.2-051.P25.json) |,2,051,33,2A0,Louisville,Winston,33.11106,-89.13778,16,769.168750c,769.418750c,769.668750c,769.918750c,773.93125,772.80625,,,,,,,
| Mississippi | Winston | MSWIN Mississippi Wireless Integrated Network | [Louisville SE](/configs/Mississippi/counties/WINSTON/Louisville_SE.MSWIN.2-052.P25.json) |,2,052,34,2A1,Louisville SE,Winston,33.06881,-88.86972,16,770.168750c,770.418750c,770.668750c,770.918750c,772.43125,771.95625,,,,,,,
| Mississippi | Yalobusha | MSWIN Mississippi Wireless Integrated Network | [Oakland](/configs/Mississippi/counties/YALOBUSHA/Oakland.MSWIN.3-017.P25.json) |,3,017,11,,Oakland,Yalobusha,34.09947,-89.85883,16,769.16875,769.418750c,769.668750c,769.918750c,772.18125,772.63125,,,,,,,
| Mississippi | Yalobusha | MSWIN Mississippi Wireless Integrated Network | [Water Valley](/configs/Mississippi/counties/YALOBUSHA/Water_Valley.MSWIN.3-018.P25.json) |,3,018,12,,Water Valley,Yalobusha,34.11284,-89.60052,16,770.19375,770.443750c,770.693750c,770.943750c,774.20625,773.45625,,,,,,,
| Mississippi | Yazoo | MSWIN Mississippi Wireless Integrated Network | [Satartia](/configs/Mississippi/counties/YAZOO/Satartia.MSWIN.2-015.P25.json) |,2,015,F,2A4,Satartia,Yazoo,32.65786,-90.50761,18,772.30625,773.08125,773.331250c,773.581250c,773.831250c,,,,,,,,
| Mississippi | Yazoo | MSWIN Mississippi Wireless Integrated Network | [Yazoo City](/configs/Mississippi/counties/YAZOO/Yazoo_City.MSWIN.2-018.P25.json) |,2,018,12,2A1,Yazoo City,Yazoo,32.833444,-90.388,20,772.55625,772.83125,769.18125,769.431250c,769.681250c,769.931250c,,,,,,,